<?xml version="1.0"?>
<schema xmlns="http://www.aptana.com/2005/schema/1.0">

	<element name="availability">
		<child-element name="specification" />
	</element>
	
	<element name="browsers">
		<child-element name="browser" />
	</element>

	<element name="browser" onEnter="enterBrowser" onExit="exitBrowser">
		<attribute name="platform" />
		<attribute name="version" usage="optional" />
		<attribute name="os" usage="optional" />
        <child-element name="description" />
    </element>
	
	<element name="css" type="root">
		<child-element name="elements" />
		<child-element name="properties" />
		<child-element name="pseudo-classes" />
		<child-element name="pseudo-elements" />
	</element>
	
	<element name="description" onEnter="startTextBuffer" onExit="exitDescription" hasText="yes"/>
	
	<element name="elements">
		<child-element name="element" />
	</element>

	<element name="element" onEnter="enterElement" onExit="exitElement">
		<attribute name="name" />
		<attribute name="display-name" usage="optional" />
		<child-element name="browsers" />
    <child-element name="description" />
    <child-element name="example" />
		<child-element name="property-refs" />
    <child-element name="remarks" />
	</element>
	
	<element name="example" onEnter="startTextBuffer" onExit="exitExample" hasText="yes" />

	<element name="hint" onEnter="startTextBuffer" onExit="exitHint" hasText="yes" />

	<element name="property" onEnter="enterProperty" onExit="exitProperty">
		<attribute name="name" />
		<attribute name="allow-multiple-values" usage="optional" />
		<attribute name="type" usage="optional" />
		<child-element name="availability" />
		<child-element name="browsers" />
		<child-element name="description" />
    <child-element name="example" />
    <child-element name="hint" />
		<child-element name="remarks" />
		<child-element name="values" />
	</element>
    
	<element name="properties">
		<child-element name="property" />
	</element>

	<element name="property-refs">
		<child-element name="property-ref" />
	</element>

	<element name="property-ref" onEnter="enterPropertyReference">
		<attribute name="name" />
	</element>

  <element name="pseudo-class" onEnter="enterPseudoClass" onExit="exitPseudoClass">
    <attribute name="name" />
    <child-element name="availability" />
    <child-element name="browsers" />
    <child-element name="description" />
    <child-element name="example" />
    <child-element name="values" />
  </element>
    
  <element name="pseudo-classes">
    <child-element name="pseudo-class" />
  </element>
  
  <element name="pseudo-element" onEnter="enterPseudoElement" onExit="exitPseudoElement">
    <attribute name="name" />
    <attribute name="allow-pseudo-class-syntax" usage="optional" />
    <child-element name="availability" />
    <child-element name="browsers" />
    <child-element name="description" />
    <child-element name="example" />
  </element>
    
  <element name="pseudo-elements">
    <child-element name="pseudo-element" />
  </element>

	<element name="remarks" onEnter="startTextBuffer" onExit="exitRemarks" hasText="yes"/>
	
	<element name="specification" onEnter="enterSpecification">
		<attribute name="name" />
		<attribute name="version" usage="optional" />
	</element>
	
	<element name="values">
		<child-element name="value" />
	</element>

	<element name="value" onEnter="enterValue" onExit="exitValue">
		<attribute name="name" />
		<attribute name="description" usage="optional" />
		<child-element name="browsers" />
	</element>
</schema>
