<?xml version="1.0"?>
<schema xmlns="http://www.aptana.com/2005/schema/1.0">

	<element name="attributes">
		<child-element name="attribute" />
	</element>

	<element name="attribute" onEnter="enterAttribute" onExit="exitAttribute">
		<attribute name="name" />
		<attribute name="type" usage="optional" />
		<attribute name="element" usage="optional" />
		<child-element name="availability" />
		<child-element name="browsers" />
        <child-element name="deprecated" />
		<child-element name="description" />
        <child-element name="hint" />
		<child-element name="references" />
		<child-element name="remarks" />
		<child-element name="values" />
        <child-element name="example" />
	</element>
	
	<element name="attribute-refs">
		<child-element name="attribute-ref"/>
	</element>
	
	<element name="attribute-ref" onEnter="enterAttributeReference">
		<attribute name="name" />
	</element>
	
	<element name="availability" onExit="exitAvailability">
		<child-element name="specification" />
	</element>
	
	<element name="browsers">
		<child-element name="browser" />
	</element>

	<element name="browser" onEnter="enterBrowser" onExit="exitBrowser">
		<attribute name="platform" />	
		<attribute name="version" usage="optional" />	
    </element>
	
	<element name="html" type="root">
		<child-element name="elements" />
		<child-element name="attributes" />
		<child-element name="events" />
		<child-element name="entities" />
		<child-element name="escape-codes" />
	</element>
	
	<element name="elements">
		<child-element name="element" />
	</element>

	<element name="element" onEnter="enterElement" onExit="exitElement">
		<attribute name="display-name" usage="optional" />	
		<attribute name="name" />	
		<attribute name="related-class" usage="optional" />	
		<child-element name="attribute-refs" />
		<child-element name="availability" />			
		<child-element name="browsers" />
        <child-element name="deprecated" />
        <child-element name="description" />
		<child-element name="event-refs" />
        <child-element name="example" />
		<child-element name="references" />
        <child-element name="remarks" />
	</element>
	
	<element name="entities">
		<child-element name="entity"/>
	</element>
	
	<element name="entity" onEnter="enterEntity" onExit="exitEntity">
		<attribute name="name"/>
		<attribute name="decimal"/>
		<attribute name="hex"/>
		<child-element name="description"/>
	</element>
	
	<element name="escape-codes">
		<child-element name="escape_code"/>
	</element>

	<element name="escape-code">
		<attribute name="code"/>
		<child-element name="description"/>
	</element>
	
	<element name="events">
		<child-element name="event" />
	</element>

	<element name="event" onEnter="enterEvent" onExit="exitEvent">
		<attribute name="name" />	
		<attribute name="type" usage="optional" />	
		<child-element name="availability" />		
		<child-element name="browsers" />
        <child-element name="description" />
        <child-element name="remarks" />
	</element>
	
	<element name="event-refs">
		<child-element name="event-ref"/>
	</element>
	
	<element name="event-ref" onEnter="enterEventReference">
		<attribute name="name" />
	</element>

	<element name="example" onEnter="startTextBuffer" onExit="exitExample" hasText="yes" />
	
	<element name="values">
		<child-element name="value" />
	</element>

	<element name="value" onEnter="enterValue" onExit="exitValue">
		<attribute name="name" />	
		<attribute name="description" usage="optional" />	
	</element>

	<element name="references">
		<child-element name="reference" />
	</element>

	<element name="reference" onEnter="enterReference">
		<attribute name="name" />	
	</element>

	<element name="remarks" onEnter="startTextBuffer" onExit="exitRemarks" hasText="yes"/>
	
	<element name="specification" onEnter="enterSpecification">
		<attribute name="name" />
		<attribute name="version" usage="optional" />	
	</element>
	
	<element name="description" onEnter="startTextBuffer" onExit="exitDescription" />

	<element name="deprecated" onEnter="startTextBuffer" onExit="exitDeprecated" />
		
	<element name="hint" onEnter="startTextBuffer" onExit="exitHint" />
</schema>
